### 7. Documenta el empleo de las herramientas de copia de seguridad y restauración de MySQL.

En mariadb se utiliza el comando `mysqldump` para realizar copias de seguridad de la base de datos.
Pero en este caso vamos a diferenciar las copias de seguridad en completas, de toda la bbdd o parciales de una o varias tablas:

Vamos a realizar la copia de seguridad de la tabla exportarbbdd que usamos anteriormente:

```sql
sudo mysql -u exportar -p exportarbbdd
Enter password: 
Reading table information for completion of table and column names
You can turn off this feature to get a quicker startup with -A

Welcome to the MariaDB monitor.  Commands end with ; or \g.
Your MariaDB connection id is 31
Server version: 10.11.6-MariaDB-0+deb12u1 Debian 12

Copyright (c) 2000, 2018, Oracle, MariaDB Corporation Ab and others.

Type 'help;' or '\h' for help. Type '\c' to clear the current input statement.

MariaDB [exportarbbdd]> show tables;
+------------------------+
| Tables_in_exportarbbdd |
+------------------------+
| bonus                  |
| dept                   |
| emp                    |
| salgrade               |
+------------------------+
4 rows in set (0,001 sec)

MariaDB [exportarbbdd]>

 2024-03-02 20:33:10 ⌚  debian in ~/Copias-de-Seguridad-y-Restauraci-n
± |main U:2 ✗| → mysqldump -v --opt --events --routines --triggers --default-character-set=utf8 -u exportar -p exportarbbdd > copiasegcompletamariadb`date +%Y%m%d_%H%M%S`.sql
Enter password: 
-- Connecting to localhost...
-- Retrieving table structure for table bonus...
-- Sending SELECT query...
-- Retrieving rows...
-- Retrieving table structure for table dept...
-- Sending SELECT query...
-- Retrieving rows...
-- Retrieving table structure for table emp...
-- Sending SELECT query...
-- Retrieving rows...
-- Retrieving table structure for table salgrade...
-- Sending SELECT query...
-- Retrieving rows...
-- Disconnecting from localhost...

 2024-03-02 20:34:08 ⌚  debian in ~/Copias-de-Seguridad-y-Restauraci-n
± |main U:2 ?:1 ✗| → cat copiasegcompletamariadb20240302_203405.sql 
-- MariaDB dump 10.19  Distrib 10.11.6-MariaDB, for debian-linux-gnu (x86_64)
--
-- Host: localhost    Database: exportarbbdd
-- ------------------------------------------------------
-- Server version	10.11.6-MariaDB-0+deb12u1

/*!40101 SET @OLD_CHARACTER_SET_CLIENT=@@CHARACTER_SET_CLIENT */;
/*!40101 SET @OLD_CHARACTER_SET_RESULTS=@@CHARACTER_SET_RESULTS */;
/*!40101 SET @OLD_COLLATION_CONNECTION=@@COLLATION_CONNECTION */;
/*!40101 SET NAMES utf8 */;
/*!40103 SET @OLD_TIME_ZONE=@@TIME_ZONE */;
/*!40103 SET TIME_ZONE='+00:00' */;
/*!40014 SET @OLD_UNIQUE_CHECKS=@@UNIQUE_CHECKS, UNIQUE_CHECKS=0 */;
/*!40014 SET @OLD_FOREIGN_KEY_CHECKS=@@FOREIGN_KEY_CHECKS, FOREIGN_KEY_CHECKS=0 */;
/*!40101 SET @OLD_SQL_MODE=@@SQL_MODE, SQL_MODE='NO_AUTO_VALUE_ON_ZERO' */;
/*!40111 SET @OLD_SQL_NOTES=@@SQL_NOTES, SQL_NOTES=0 */;

--
-- Table structure for table `bonus`
--

DROP TABLE IF EXISTS `bonus`;
/*!40101 SET @saved_cs_client     = @@character_set_client */;
/*!40101 SET character_set_client = utf8 */;
CREATE TABLE `bonus` (
  `empno` int(11) NOT NULL,
  `bonus` int(11) DEFAULT NULL,
  PRIMARY KEY (`empno`),
  CONSTRAINT `fk_empno` FOREIGN KEY (`empno`) REFERENCES `emp` (`empno`)
) ENGINE=InnoDB DEFAULT CHARSET=utf8mb4 COLLATE=utf8mb4_general_ci;
/*!40101 SET character_set_client = @saved_cs_client */;

--
-- Dumping data for table `bonus`
--

LOCK TABLES `bonus` WRITE;
/*!40000 ALTER TABLE `bonus` DISABLE KEYS */;
INSERT INTO `bonus` VALUES
(7369,100),
(7566,400),
(7698,600),
(7782,700),
(7788,800),
(7839,900),
(7844,1000),
(7876,1100),
(7900,1200),
(7902,1300),
(7934,1400);
/*!40000 ALTER TABLE `bonus` ENABLE KEYS */;
UNLOCK TABLES;

--
-- Table structure for table `dept`
--

DROP TABLE IF EXISTS `dept`;
/*!40101 SET @saved_cs_client     = @@character_set_client */;
/*!40101 SET character_set_client = utf8 */;
CREATE TABLE `dept` (
  `deptno` int(11) NOT NULL,
  `dname` text DEFAULT NULL,
  `loc` text DEFAULT NULL,
  PRIMARY KEY (`deptno`)
) ENGINE=InnoDB DEFAULT CHARSET=utf8mb4 COLLATE=utf8mb4_general_ci;
/*!40101 SET character_set_client = @saved_cs_client */;

--
-- Dumping data for table `dept`
--

LOCK TABLES `dept` WRITE;
/*!40000 ALTER TABLE `dept` DISABLE KEYS */;
INSERT INTO `dept` VALUES
(10,'ACCOUNTING','NEW YORK'),
(20,'RESEARCH','DALLAS'),
(30,'SALES','CHICAGO'),
(40,'OPERATIONS','BOSTON');
/*!40000 ALTER TABLE `dept` ENABLE KEYS */;
UNLOCK TABLES;

--
-- Table structure for table `emp`
--

DROP TABLE IF EXISTS `emp`;
/*!40101 SET @saved_cs_client     = @@character_set_client */;
/*!40101 SET character_set_client = utf8 */;
CREATE TABLE `emp` (
  `empno` int(11) NOT NULL,
  `ename` text DEFAULT NULL,
  `job` text DEFAULT NULL,
  `mgr` int(11) DEFAULT NULL,
  `hiredate` date DEFAULT NULL,
  `sal` int(11) DEFAULT NULL,
  `comm` int(11) DEFAULT NULL,
  `deptno` int(11) DEFAULT NULL,
  PRIMARY KEY (`empno`),
  KEY `fk_mgr` (`mgr`),
  KEY `fk_deptno` (`deptno`),
  CONSTRAINT `fk_deptno` FOREIGN KEY (`deptno`) REFERENCES `dept` (`deptno`),
  CONSTRAINT `fk_mgr` FOREIGN KEY (`mgr`) REFERENCES `emp` (`empno`)
) ENGINE=InnoDB DEFAULT CHARSET=utf8mb4 COLLATE=utf8mb4_general_ci;
/*!40101 SET character_set_client = @saved_cs_client */;

--
-- Dumping data for table `emp`
--

LOCK TABLES `emp` WRITE;
/*!40000 ALTER TABLE `emp` DISABLE KEYS */;
INSERT INTO `emp` VALUES
(7369,'SMITH','CLERK',NULL,'1980-12-17',800,NULL,20),
(7566,'JONES','MANAGER',7839,'1981-04-02',2975,NULL,20),
(7698,'BLAKE','MANAGER',7839,'1981-05-01',2850,NULL,30),
(7782,'CLARK','MANAGER',7839,'1981-06-09',2450,NULL,10),
(7788,'SCOTT','ANALYST',7566,'1987-04-19',3000,NULL,20),
(7839,'KING','PRESIDENT',NULL,'1981-11-17',5000,NULL,10),
(7844,'TURNER','SALESMAN',7698,'1981-09-08',1500,0,30),
(7876,'ADAMS','CLERK',7788,'1987-05-23',1100,NULL,20),
(7900,'JAMES','CLERK',7698,'1981-12-03',950,NULL,30),
(7902,'FORD','ANALYST',7566,'1981-12-03',3000,NULL,20),
(7934,'MILLER','CLERK',7782,'1982-01-23',1300,NULL,10),
(8000,'John Doe','Manager',NULL,'2024-02-29',5000,NULL,40);
/*!40000 ALTER TABLE `emp` ENABLE KEYS */;
UNLOCK TABLES;

--
-- Table structure for table `salgrade`
--

DROP TABLE IF EXISTS `salgrade`;
/*!40101 SET @saved_cs_client     = @@character_set_client */;
/*!40101 SET character_set_client = utf8 */;
CREATE TABLE `salgrade` (
  `grade` int(11) NOT NULL,
  `losal` int(11) DEFAULT NULL,
  `hisal` int(11) DEFAULT NULL,
  PRIMARY KEY (`grade`)
) ENGINE=InnoDB DEFAULT CHARSET=utf8mb4 COLLATE=utf8mb4_general_ci;
/*!40101 SET character_set_client = @saved_cs_client */;

--
-- Dumping data for table `salgrade`
--

LOCK TABLES `salgrade` WRITE;
/*!40000 ALTER TABLE `salgrade` DISABLE KEYS */;
INSERT INTO `salgrade` VALUES
(1,700,1200),
(2,1201,1400),
(3,1401,2000),
(4,2001,3000),
(5,3001,9999);
/*!40000 ALTER TABLE `salgrade` ENABLE KEYS */;
UNLOCK TABLES;

--
-- Dumping events for database 'exportarbbdd'
--

--
-- Dumping routines for database 'exportarbbdd'
--
/*!40103 SET TIME_ZONE=@OLD_TIME_ZONE */;

/*!40101 SET SQL_MODE=@OLD_SQL_MODE */;
/*!40014 SET FOREIGN_KEY_CHECKS=@OLD_FOREIGN_KEY_CHECKS */;
/*!40014 SET UNIQUE_CHECKS=@OLD_UNIQUE_CHECKS */;
/*!40101 SET CHARACTER_SET_CLIENT=@OLD_CHARACTER_SET_CLIENT */;
/*!40101 SET CHARACTER_SET_RESULTS=@OLD_CHARACTER_SET_RESULTS */;
/*!40101 SET COLLATION_CONNECTION=@OLD_COLLATION_CONNECTION */;
/*!40111 SET SQL_NOTES=@OLD_SQL_NOTES */;

-- Dump completed on 2024-03-02 20:34:08

```

Borramos las tablas:

```sql

sudo mysql -u exportar -p exportarbbdd
Enter password: 
Reading table information for completion of table and column names
You can turn off this feature to get a quicker startup with -A

Welcome to the MariaDB monitor.  Commands end with ; or \g.
Your MariaDB connection id is 33
Server version: 10.11.6-MariaDB-0+deb12u1 Debian 12

Copyright (c) 2000, 2018, Oracle, MariaDB Corporation Ab and others.

Type 'help;' or '\h' for help. Type '\c' to clear the current input statement.

MariaDB [exportarbbdd]> show tables;
+------------------------+
| Tables_in_exportarbbdd |
+------------------------+
| bonus                  |
| dept                   |
| emp                    |
| salgrade               |
+------------------------+
4 rows in set (0,001 sec)

MariaDB [exportarbbdd]> drop table bonus;
Query OK, 0 rows affected (0,029 sec)

MariaDB [exportarbbdd]> drop table salgrade;
Query OK, 0 rows affected (0,017 sec)

MariaDB [exportarbbdd]> drop table emp;
Query OK, 0 rows affected (0,022 sec)

MariaDB [exportarbbdd]> drop table dept;
Query OK, 0 rows affected (0,016 sec)

MariaDB [exportarbbdd]> 


```

Ahora recuperamos la copia de seguridad:


```sql

 2024-03-02 20:40:26 ⌚  debian in ~/Copias-de-Seguridad-y-Restauraci-n
± |main U:2 ?:1 ✗| → mysql -u exportar -p exportarbbdd < copiasegcompletamariadb20240302_203405.sql 
Enter password: 

 2024-03-02 20:40:46 ⌚  debian in ~/Copias-de-Seguridad-y-Restauraci-n
± |main U:2 ?:1 ✗| → sudo mysql -u exportar -p exportarbbdd
Enter password: 
Reading table information for completion of table and column names
You can turn off this feature to get a quicker startup with -A

Welcome to the MariaDB monitor.  Commands end with ; or \g.
Your MariaDB connection id is 35
Server version: 10.11.6-MariaDB-0+deb12u1 Debian 12

Copyright (c) 2000, 2018, Oracle, MariaDB Corporation Ab and others.

Type 'help;' or '\h' for help. Type '\c' to clear the current input statement.

MariaDB [exportarbbdd]> show tables;
+------------------------+
| Tables_in_exportarbbdd |
+------------------------+
| bonus                  |
| dept                   |
| emp                    |
| salgrade               |
+------------------------+
4 rows in set (0,000 sec)

MariaDB [exportarbbdd]> 

```

Ahora vamos a realizar la copia de seguridad solo de ciertas tablas, copia de seguridad parcial:

Excluyendo la tabla bonus:

```sql
 2024-03-02 20:43:54 ⌚  debian in ~/Copias-de-Seguridad-y-Restauraci-n
± |main U:2 ?:4 ✗| → mysqldump -v --opt --default-character-set=utf8 -u exportar -p --ignore-table=exportarbbdd.bonus exportarbbdd > copiaparcial-bonus`date +%Y%m%d_%H%M%S`.sql
Enter password: 
-- Connecting to localhost...
-- Retrieving table structure for table dept...
-- Sending SELECT query...
-- Retrieving rows...
-- Retrieving table structure for table emp...
-- Sending SELECT query...
-- Retrieving rows...
-- Retrieving table structure for table salgrade...
-- Sending SELECT query...
-- Retrieving rows...
-- Disconnecting from localhost...

 2024-03-02 20:45:56 ⌚  debian in ~/Copias-de-Seguridad-y-Restauraci-n
± |main U:2 ?:6 ✗| → cat copiaparcial-bonus20240302_204458.sql 
-- MariaDB dump 10.19  Distrib 10.11.6-MariaDB, for debian-linux-gnu (x86_64)
--
-- Host: localhost    Database: exportarbbdd
-- ------------------------------------------------------
-- Server version	10.11.6-MariaDB-0+deb12u1

/*!40101 SET @OLD_CHARACTER_SET_CLIENT=@@CHARACTER_SET_CLIENT */;
/*!40101 SET @OLD_CHARACTER_SET_RESULTS=@@CHARACTER_SET_RESULTS */;
/*!40101 SET @OLD_COLLATION_CONNECTION=@@COLLATION_CONNECTION */;
/*!40101 SET NAMES utf8 */;
/*!40103 SET @OLD_TIME_ZONE=@@TIME_ZONE */;
/*!40103 SET TIME_ZONE='+00:00' */;
/*!40014 SET @OLD_UNIQUE_CHECKS=@@UNIQUE_CHECKS, UNIQUE_CHECKS=0 */;
/*!40014 SET @OLD_FOREIGN_KEY_CHECKS=@@FOREIGN_KEY_CHECKS, FOREIGN_KEY_CHECKS=0 */;
/*!40101 SET @OLD_SQL_MODE=@@SQL_MODE, SQL_MODE='NO_AUTO_VALUE_ON_ZERO' */;
/*!40111 SET @OLD_SQL_NOTES=@@SQL_NOTES, SQL_NOTES=0 */;

--
-- Table structure for table `dept`
--

DROP TABLE IF EXISTS `dept`;
/*!40101 SET @saved_cs_client     = @@character_set_client */;
/*!40101 SET character_set_client = utf8 */;
CREATE TABLE `dept` (
  `deptno` int(11) NOT NULL,
  `dname` text DEFAULT NULL,
  `loc` text DEFAULT NULL,
  PRIMARY KEY (`deptno`)
) ENGINE=InnoDB DEFAULT CHARSET=utf8mb4 COLLATE=utf8mb4_general_ci;
/*!40101 SET character_set_client = @saved_cs_client */;

--
-- Dumping data for table `dept`
--

LOCK TABLES `dept` WRITE;
/*!40000 ALTER TABLE `dept` DISABLE KEYS */;
INSERT INTO `dept` VALUES
(10,'ACCOUNTING','NEW YORK'),
(20,'RESEARCH','DALLAS'),
(30,'SALES','CHICAGO'),
(40,'OPERATIONS','BOSTON');
/*!40000 ALTER TABLE `dept` ENABLE KEYS */;
UNLOCK TABLES;

--
-- Table structure for table `emp`
--

DROP TABLE IF EXISTS `emp`;
/*!40101 SET @saved_cs_client     = @@character_set_client */;
/*!40101 SET character_set_client = utf8 */;
CREATE TABLE `emp` (
  `empno` int(11) NOT NULL,
  `ename` text DEFAULT NULL,
  `job` text DEFAULT NULL,
  `mgr` int(11) DEFAULT NULL,
  `hiredate` date DEFAULT NULL,
  `sal` int(11) DEFAULT NULL,
  `comm` int(11) DEFAULT NULL,
  `deptno` int(11) DEFAULT NULL,
  PRIMARY KEY (`empno`),
  KEY `fk_mgr` (`mgr`),
  KEY `fk_deptno` (`deptno`),
  CONSTRAINT `fk_deptno` FOREIGN KEY (`deptno`) REFERENCES `dept` (`deptno`),
  CONSTRAINT `fk_mgr` FOREIGN KEY (`mgr`) REFERENCES `emp` (`empno`)
) ENGINE=InnoDB DEFAULT CHARSET=utf8mb4 COLLATE=utf8mb4_general_ci;
/*!40101 SET character_set_client = @saved_cs_client */;

--
-- Dumping data for table `emp`
--

LOCK TABLES `emp` WRITE;
/*!40000 ALTER TABLE `emp` DISABLE KEYS */;
INSERT INTO `emp` VALUES
(7369,'SMITH','CLERK',NULL,'1980-12-17',800,NULL,20),
(7566,'JONES','MANAGER',7839,'1981-04-02',2975,NULL,20),
(7698,'BLAKE','MANAGER',7839,'1981-05-01',2850,NULL,30),
(7782,'CLARK','MANAGER',7839,'1981-06-09',2450,NULL,10),
(7788,'SCOTT','ANALYST',7566,'1987-04-19',3000,NULL,20),
(7839,'KING','PRESIDENT',NULL,'1981-11-17',5000,NULL,10),
(7844,'TURNER','SALESMAN',7698,'1981-09-08',1500,0,30),
(7876,'ADAMS','CLERK',7788,'1987-05-23',1100,NULL,20),
(7900,'JAMES','CLERK',7698,'1981-12-03',950,NULL,30),
(7902,'FORD','ANALYST',7566,'1981-12-03',3000,NULL,20),
(7934,'MILLER','CLERK',7782,'1982-01-23',1300,NULL,10),
(8000,'John Doe','Manager',NULL,'2024-02-29',5000,NULL,40);
/*!40000 ALTER TABLE `emp` ENABLE KEYS */;
UNLOCK TABLES;

--
-- Table structure for table `salgrade`
--

DROP TABLE IF EXISTS `salgrade`;
/*!40101 SET @saved_cs_client     = @@character_set_client */;
/*!40101 SET character_set_client = utf8 */;
CREATE TABLE `salgrade` (
  `grade` int(11) NOT NULL,
  `losal` int(11) DEFAULT NULL,
  `hisal` int(11) DEFAULT NULL,
  PRIMARY KEY (`grade`)
) ENGINE=InnoDB DEFAULT CHARSET=utf8mb4 COLLATE=utf8mb4_general_ci;
/*!40101 SET character_set_client = @saved_cs_client */;

--
-- Dumping data for table `salgrade`
--

LOCK TABLES `salgrade` WRITE;
/*!40000 ALTER TABLE `salgrade` DISABLE KEYS */;
INSERT INTO `salgrade` VALUES
(1,700,1200),
(2,1201,1400),
(3,1401,2000),
(4,2001,3000),
(5,3001,9999);
/*!40000 ALTER TABLE `salgrade` ENABLE KEYS */;
UNLOCK TABLES;
/*!40103 SET TIME_ZONE=@OLD_TIME_ZONE */;

/*!40101 SET SQL_MODE=@OLD_SQL_MODE */;
/*!40014 SET FOREIGN_KEY_CHECKS=@OLD_FOREIGN_KEY_CHECKS */;
/*!40014 SET UNIQUE_CHECKS=@OLD_UNIQUE_CHECKS */;
/*!40101 SET CHARACTER_SET_CLIENT=@OLD_CHARACTER_SET_CLIENT */;
/*!40101 SET CHARACTER_SET_RESULTS=@OLD_CHARACTER_SET_RESULTS */;
/*!40101 SET COLLATION_CONNECTION=@OLD_COLLATION_CONNECTION */;
/*!40111 SET SQL_NOTES=@OLD_SQL_NOTES */;

-- Dump completed on 2024-03-02 20:45:03


```

Ahora solo de la tabla emp y dept:

```sql

 2024-03-02 20:45:03 ⌚  debian in ~/Copias-de-Seguridad-y-Restauraci-n
± |main U:2 ?:5 ✗| → mysqldump -v --opt --default-character-set=utf8 -u exportar -p exportarbbdd emp dept > copiaparcialsoloempydept`date +%Y%m%d_%H%M%S`.sql
Enter password: 
-- Connecting to localhost...
-- Retrieving table structure for table emp...
-- Sending SELECT query...
-- Retrieving rows...
-- Retrieving table structure for table dept...
-- Sending SELECT query...
-- Retrieving rows...
-- Disconnecting from localhost...

 2024-03-02 20:46:41 ⌚  debian in ~/Copias-de-Seguridad-y-Restauraci-n
± |main U:2 ?:6 ✗| → cat copiaparcialsoloempydept20240302_204553.sql 
-- MariaDB dump 10.19  Distrib 10.11.6-MariaDB, for debian-linux-gnu (x86_64)
--
-- Host: localhost    Database: exportarbbdd
-- ------------------------------------------------------
-- Server version	10.11.6-MariaDB-0+deb12u1

/*!40101 SET @OLD_CHARACTER_SET_CLIENT=@@CHARACTER_SET_CLIENT */;
/*!40101 SET @OLD_CHARACTER_SET_RESULTS=@@CHARACTER_SET_RESULTS */;
/*!40101 SET @OLD_COLLATION_CONNECTION=@@COLLATION_CONNECTION */;
/*!40101 SET NAMES utf8 */;
/*!40103 SET @OLD_TIME_ZONE=@@TIME_ZONE */;
/*!40103 SET TIME_ZONE='+00:00' */;
/*!40014 SET @OLD_UNIQUE_CHECKS=@@UNIQUE_CHECKS, UNIQUE_CHECKS=0 */;
/*!40014 SET @OLD_FOREIGN_KEY_CHECKS=@@FOREIGN_KEY_CHECKS, FOREIGN_KEY_CHECKS=0 */;
/*!40101 SET @OLD_SQL_MODE=@@SQL_MODE, SQL_MODE='NO_AUTO_VALUE_ON_ZERO' */;
/*!40111 SET @OLD_SQL_NOTES=@@SQL_NOTES, SQL_NOTES=0 */;

--
-- Table structure for table `emp`
--

DROP TABLE IF EXISTS `emp`;
/*!40101 SET @saved_cs_client     = @@character_set_client */;
/*!40101 SET character_set_client = utf8 */;
CREATE TABLE `emp` (
  `empno` int(11) NOT NULL,
  `ename` text DEFAULT NULL,
  `job` text DEFAULT NULL,
  `mgr` int(11) DEFAULT NULL,
  `hiredate` date DEFAULT NULL,
  `sal` int(11) DEFAULT NULL,
  `comm` int(11) DEFAULT NULL,
  `deptno` int(11) DEFAULT NULL,
  PRIMARY KEY (`empno`),
  KEY `fk_mgr` (`mgr`),
  KEY `fk_deptno` (`deptno`),
  CONSTRAINT `fk_deptno` FOREIGN KEY (`deptno`) REFERENCES `dept` (`deptno`),
  CONSTRAINT `fk_mgr` FOREIGN KEY (`mgr`) REFERENCES `emp` (`empno`)
) ENGINE=InnoDB DEFAULT CHARSET=utf8mb4 COLLATE=utf8mb4_general_ci;
/*!40101 SET character_set_client = @saved_cs_client */;

--
-- Dumping data for table `emp`
--

LOCK TABLES `emp` WRITE;
/*!40000 ALTER TABLE `emp` DISABLE KEYS */;
INSERT INTO `emp` VALUES
(7369,'SMITH','CLERK',NULL,'1980-12-17',800,NULL,20),
(7566,'JONES','MANAGER',7839,'1981-04-02',2975,NULL,20),
(7698,'BLAKE','MANAGER',7839,'1981-05-01',2850,NULL,30),
(7782,'CLARK','MANAGER',7839,'1981-06-09',2450,NULL,10),
(7788,'SCOTT','ANALYST',7566,'1987-04-19',3000,NULL,20),
(7839,'KING','PRESIDENT',NULL,'1981-11-17',5000,NULL,10),
(7844,'TURNER','SALESMAN',7698,'1981-09-08',1500,0,30),
(7876,'ADAMS','CLERK',7788,'1987-05-23',1100,NULL,20),
(7900,'JAMES','CLERK',7698,'1981-12-03',950,NULL,30),
(7902,'FORD','ANALYST',7566,'1981-12-03',3000,NULL,20),
(7934,'MILLER','CLERK',7782,'1982-01-23',1300,NULL,10),
(8000,'John Doe','Manager',NULL,'2024-02-29',5000,NULL,40);
/*!40000 ALTER TABLE `emp` ENABLE KEYS */;
UNLOCK TABLES;

--
-- Table structure for table `dept`
--

DROP TABLE IF EXISTS `dept`;
/*!40101 SET @saved_cs_client     = @@character_set_client */;
/*!40101 SET character_set_client = utf8 */;
CREATE TABLE `dept` (
  `deptno` int(11) NOT NULL,
  `dname` text DEFAULT NULL,
  `loc` text DEFAULT NULL,
  PRIMARY KEY (`deptno`)
) ENGINE=InnoDB DEFAULT CHARSET=utf8mb4 COLLATE=utf8mb4_general_ci;
/*!40101 SET character_set_client = @saved_cs_client */;

--
-- Dumping data for table `dept`
--

LOCK TABLES `dept` WRITE;
/*!40000 ALTER TABLE `dept` DISABLE KEYS */;
INSERT INTO `dept` VALUES
(10,'ACCOUNTING','NEW YORK'),
(20,'RESEARCH','DALLAS'),
(30,'SALES','CHICAGO'),
(40,'OPERATIONS','BOSTON');
/*!40000 ALTER TABLE `dept` ENABLE KEYS */;
UNLOCK TABLES;
/*!40103 SET TIME_ZONE=@OLD_TIME_ZONE */;

/*!40101 SET SQL_MODE=@OLD_SQL_MODE */;
/*!40014 SET FOREIGN_KEY_CHECKS=@OLD_FOREIGN_KEY_CHECKS */;
/*!40014 SET UNIQUE_CHECKS=@OLD_UNIQUE_CHECKS */;
/*!40101 SET CHARACTER_SET_CLIENT=@OLD_CHARACTER_SET_CLIENT */;
/*!40101 SET CHARACTER_SET_RESULTS=@OLD_CHARACTER_SET_RESULTS */;
/*!40101 SET COLLATION_CONNECTION=@OLD_COLLATION_CONNECTION */;
/*!40111 SET SQL_NOTES=@OLD_SQL_NOTES */;

-- Dump completed on 2024-03-02 20:45:56


```

La recuperación es usando el mismo comando que use antes.